project_id,period_end,planned_progress_pct,actual_progress_pct,planned_cum_cost,actual_cum_cost
P-1001,2025-10-09,0.0,0.0,0.0,0.0
P-1001,2025-10-21,0.5,0.5,36822.0,46865.0
P-1001,2025-11-02,1.8,1.8,143306.0,168714.0
P-1001,2025-11-14,3.9,3.9,313482.0,365547.0
P-1001,2025-11-26,6.7,6.7,541378.0,627991.0
P-1001,2025-12-08,10.1,10.1,821023.0,946673.0
P-1001,2025-12-20,14.2,14.2,1146447.0,1330966.0
P-1001,2026-01-01,18.7,18.7,1511678.0,1752751.0
P-1001,2026-01-13,23.6,23.6,1910745.0,2212028.0
P-1001,2026-01-25,28.9,28.9,2337677.0,2708797.0
P-1001,2026-02-06,34.4,34.4,2786503.0,3224312.0
P-1001,2026-02-18,40.2,40.2,3251252.0,3767946.0
P-1001,2026-03-02,46.1,46.1,3725953.0,4320953.0
P-1001,2026-03-14,52.0,52.0,4204634.0,4873960.0
P-1001,2026-03-26,57.9,57.9,4681325.0,5426967.0
P-1001,2026-04-07,63.7,63.7,5150055.0,5970601.0
P-1001,2026-04-19,69.3,69.3,5604852.0,6495489.0
P-1001,2026-05-01,74.7,74.7,6039746.0,7001631.0
P-1001,2026-05-13,79.7,79.7,6448764.0,7470281.0
P-1001,2026-05-25,84.4,84.4,6825938.0,7910812.0
P-1001,2026-06-06,88.6,88.6,7165294.0,8304478.0
P-1001,2026-06-18,92.2,92.2,7460862.0,8641906.0
P-1001,2026-06-30,95.3,95.3,7706672.0,8932469.0
P-1001,2026-07-12,97.6,97.6,7896751.0,9148048.0
P-1001,2026-07-24,99.2,99.2,8025129.0,9298016.0
P-1001,2026-08-05,99.9,99.9,8085835.0,9363627.0
P-1001,2026-08-09,100.0,100.0,8090000.0,9373000.0
P-1002,2026-02-22,0.0,0.0,0.0,0.0
P-1002,2026-03-01,0.6,0.3,48388.0,24075.0
P-1002,2026-03-08,2.4,1.7,187421.0,136425.0
P-1002,2026-03-15,5.2,4.3,407903.0,345075.0
P-1002,2026-03-22,8.9,7.7,700638.0,617925.0
P-1002,2026-03-29,13.5,12.0,1056431.0,963000.0
P-1002,2026-04-05,18.7,17.1,1466085.0,1372275.0
P-1002,2026-04-12,24.5,22.7,1920405.0,1821675.0
P-1002,2026-04-19,30.7,28.8,2410194.0,2311200.0
P-1002,2026-04-26,37.3,35.3,2926258.0,2832825.0
P-1002,2026-05-03,44.1,42.0,3459399.0,3370500.0
P-1002,2026-05-10,51.0,48.9,4000423.0,3924225.0
P-1002,2026-05-17,57.9,55.8,4540133.0,4477950.0
P-1002,2026-05-24,64.6,62.6,5069334.0,5023650.0
P-1002,2026-05-31,71.1,69.2,5578829.0,5553300.0
P-1002,2026-06-07,77.2,75.4,6059423.0,6050850.0
P-1002,2026-06-14,82.9,81.2,6501919.0,6516300.0
P-1002,2026-06-21,87.9,86.5,6897123.0,6941625.0
P-1002,2026-06-28,92.2,91.0,7235837.0,7302750.0
P-1002,2026-07-05,95.7,94.8,7508867.0,7607700.0
P-1002,2026-07-12,98.2,97.6,7707016.0,7832400.0
P-1002,2026-07-19,99.7,99.4,7821089.0,7976850.0
P-1002,2026-07-26,100.0,100.0,7846000.0,8025000.0
P-1002,2026-07-27,100.0,100.0,7846000.0,8025000.0
P-1003,2025-09-14,0.0,0.0,0.0,0.0
P-1003,2025-09-24,0.5,0.0,26183.0,0.0
P-1003,2025-10-04,1.9,0.4,101778.0,23520.0
P-1003,2025-10-14,4.2,1.7,222353.0,99960.0
P-1003,2025-10-24,7.2,3.9,383477.0,229320.0
P-1003,2025-11-03,11.0,6.8,580719.0,399840.0
P-1003,2025-11-13,15.3,10.5,809645.0,617400.0
P-1003,2025-11-23,20.1,14.7,1065826.0,864360.0
P-1003,2025-12-03,25.4,19.5,1344830.0,1146600.0
P-1003,2025-12-13,31.0,24.7,1642224.0,1452360.0
P-1003,2025-12-23,36.9,30.3,1953578.0,1781640.0
P-1003,2026-01-02,42.9,36.2,2274460.0,2128560.0
P-1003,2026-01-12,49.1,42.2,2600438.0,2481360.0
P-1003,2026-01-22,55.2,48.3,2927080.0,2840040.0
P-1003,2026-02-01,61.3,54.5,3249956.0,3204600.0
P-1003,2026-02-11,67.3,60.6,3564634.0,3563280.0
P-1003,2026-02-21,73.0,66.6,3866681.0,3916080.0
P-1003,2026-03-03,78.3,72.3,4151667.0,4251240.0
P-1003,2026-03-13,83.3,77.7,4415160.0,4568760.0
P-1003,2026-03-23,87.8,82.7,4652729.0,4862760.0
P-1003,2026-04-02,91.7,87.3,4859941.0,5133240.0
P-1003,2026-04-12,95.0,91.3,5032365.0,5368440.0
P-1003,2026-04-22,97.5,94.6,5165571.0,5562480.0
P-1003,2026-05-02,99.2,97.2,5255125.0,5715360.0
P-1003,2026-05-12,100.0,99.0,5296597.0,5821200.0
P-1003,2026-05-22,100.0,99.9,5299000.0,5874120.0
P-1003,2026-05-31,100.0,100.0,5299000.0,5880000.0
P-1004,2024-09-17,0.0,0.0,0.0,0.0
P-1004,2024-10-12,0.5,0.4,70041.0,61696.0
P-1004,2024-11-06,1.9,1.7,272266.0,262208.0
P-1004,2024-12-01,4.2,3.9,594832.0,601536.0
P-1004,2024-12-26,7.2,6.9,1025894.0,1064256.0
P-1004,2025-01-20,10.9,10.5,1553607.0,1619520.0
P-1004,2025-02-14,15.3,14.7,2166127.0,2267328.0
P-1004,2025-03-11,20.1,19.5,2851609.0,3007680.0
P-1004,2025-04-05,25.3,24.7,3598209.0,3809728.0
P-1004,2025-04-30,30.9,30.3,4394082.0,4673472.0
P-1004,2025-05-25,36.8,36.1,5227384.0,5568064.0
P-1004,2025-06-19,42.9,42.2,6086270.0,6508928.0
P-1004,2025-07-14,49.0,48.3,6958896.0,7449792.0
P-1004,2025-08-08,55.2,54.5,7833417.0,8406080.0
P-1004,2025-09-02,61.3,60.6,8697989.0,9346944.0
P-1004,2025-09-27,67.2,66.5,9540766.0,10256960.0
P-1004,2025-10-22,72.9,72.3,10349905.0,11151552.0
P-1004,2025-11-16,78.3,77.7,11113561.0,11984448.0
P-1004,2025-12-11,83.3,82.7,11819890.0,12755648.0
P-1004,2026-01-05,87.7,87.3,12457047.0,13465152.0
P-1004,2026-01-30,91.7,91.2,13013187.0,14066688.0
P-1004,2026-02-24,94.9,94.6,13476465.0,14591104.0
P-1004,2026-03-21,97.4,97.2,13835039.0,14992128.0
P-1004,2026-04-15,99.1,99.0,14077062.0,15269760.0
P-1004,2026-05-10,99.9,99.9,14190690.0,15408576.0
P-1004,2026-05-22,100.0,100.0,14198000.0,15424000.0
P-1005,2026-05-27,0.0,0.0,0.0,0.0
P-1005,2026-06-03,1.7,0.0,25026.0,0.0
P-1005,2026-06-10,6.4,0.0,94693.0,0.0
P-1005,2026-06-17,13.5,1.7,200884.0,28492.0
P-1005,2026-06-24,22.6,6.4,335483.0,107264.0
P-1005,2026-07-01,33.0,13.5,490373.0,226260.0
P-1005,2026-07-08,44.2,22.6,657438.0,378776.0
P-1005,2026-07-15,55.8,33.0,828562.0,553080.0
P-1005,2026-07-22,67.0,44.2,995627.0,740792.0
P-1005,2026-07-29,77.4,55.8,1150517.0,935208.0
P-1005,2026-08-05,86.5,67.0,1285116.0,1122920.0
P-1005,2026-08-12,93.6,77.4,1391307.0,1297224.0
P-1005,2026-08-19,98.3,86.5,1460974.0,1449740.0
P-1005,2026-08-26,100.0,93.6,1486000.0,1568736.0
P-1005,2026-09-02,100.0,98.3,1486000.0,1647508.0
P-1005,2026-09-09,100.0,100.0,1486000.0,1676000.0
P-1005,2026-09-15,100.0,100.0,1486000.0,1676000.0
P-1006,2025-12-29,0.0,0.0,0.0,0.0
P-1006,2026-01-05,1.0,0.8,30784.0,30200.0
P-1006,2026-01-12,3.7,3.4,118195.0,128350.0
P-1006,2026-01-19,8.0,7.5,254825.0,283125.0
P-1006,2026-01-26,13.6,13.0,433264.0,490750.0
P-1006,2026-02-02,20.3,19.6,646104.0,739900.0
P-1006,2026-02-09,27.8,27.0,885934.0,1019250.0
P-1006,2026-02-16,35.9,35.1,1145345.0,1325025.0
P-1006,2026-02-23,44.4,43.6,1416929.0,1645900.0
P-1006,2026-03-02,53.1,52.2,1693276.0,1970550.0
P-1006,2026-03-09,61.7,60.8,1966977.0,2295200.0
P-1006,2026-03-16,69.9,69.1,2230623.0,2608525.0
P-1006,2026-03-23,77.7,76.9,2476804.0,2902975.0
P-1006,2026-03-30,84.6,84.0,2698111.0,3171000.0
P-1006,2026-04-06,90.5,90.0,2887135.0,3397500.0
P-1006,2026-04-13,95.2,94.8,3036466.0,3578700.0
P-1006,2026-04-20,98.4,98.2,3138696.0,3707050.0
P-1006,2026-04-27,99.9,99.9,3186415.0,3771225.0
P-1006,2026-04-30,100.0,100.0,3189000.0,3775000.0
P-1007,2026-05-17,0.0,0.0,0.0,0.0
P-1007,2026-06-06,0.5,0.5,69082.0,69433.0
P-1007,2026-06-26,1.9,1.9,268534.0,263845.0
P-1007,2026-07-16,4.2,4.2,586662.0,583237.0
P-1007,2026-08-05,7.2,7.3,1011775.0,1013722.0
P-1007,2026-08-25,11.0,11.0,1532181.0,1527526.0
P-1007,2026-09-14,15.3,15.3,2136187.0,2124649.0
P-1007,2026-10-01,19.4,19.4,2706589.0,2694000.0
P-1008,2026-07-12,0.0,0.0,0.0,0.0
P-1008,2026-07-22,0.5,0.3,27937.0,17492.0
P-1008,2026-08-01,1.9,1.5,108597.0,87460.0
P-1008,2026-08-11,4.2,3.7,237250.0,215734.0
P-1008,2026-08-21,7.2,6.5,409168.0,378992.0
P-1008,2026-08-31,11.0,10.1,619623.0,588895.0
P-1008,2026-09-10,15.3,14.3,863887.0,833782.0
P-1008,2026-09-20,20.1,19.1,1137230.0,1113653.0
P-1008,2026-09-30,25.4,24.3,1434925.0,1416847.0
P-1008,2026-10-01,25.9,24.8,1465852.0,1446000.0
P-1009,2026-04-02,0.0,0.0,0.0,0.0
P-1009,2026-04-19,0.5,0.0,54606.0,0.0
P-1009,2026-05-06,1.8,0.0,212441.0,0.0
P-1009,2026-05-23,4.0,0.2,464528.0,25539.0
P-1009,2026-06-09,6.9,1.1,801890.0,140465.0
P-1009,2026-06-26,10.4,3.0,1215552.0,383086.0
P-1009,2026-07-13,14.5,5.5,1696537.0,702324.0
P-1009,2026-07-30,19.1,8.8,2235868.0,1123719.0
P-1009,2026-08-16,24.2,12.7,2824569.0,1621730.0
P-1009,2026-09-02,29.5,17.1,3453664.0,2183590.0
P-1009,2026-09-19,35.2,21.9,4114176.0,2796527.0
P-1009,2026-10-01,39.3,25.6,4594461.0,3269000.0
P-1010,2026-08-02,0.0,0.0,0.0,0.0
P-1010,2026-08-09,1.7,0.0,32638.0,0.0
P-1010,2026-08-16,6.4,0.0,123496.0,0.0
P-1010,2026-08-23,13.5,0.0,261987.0,0.0
P-1010,2026-08-30,22.6,0.3,437528.0,5734.0
P-1010,2026-09-06,33.0,3.2,639531.0,61162.0
P-1010,2026-09-13,44.2,9.0,857413.0,172018.0
P-1010,2026-09-20,55.8,16.9,1080587.0,323012.0
P-1010,2026-09-27,67.0,26.6,1298469.0,508410.0
P-1010,2026-10-01,73.1,32.7,1416523.0,625000.0
P-1011,2025-11-15,0.0,0.0,0.0,0.0
P-1011,2025-12-14,0.5,0.0,94699.0,0.0
P-1011,2026-01-12,2.0,0.0,368022.0,0.0
P-1011,2026-02-10,4.3,0.6,803806.0,112602.0
P-1011,2026-03-11,7.3,2.1,1385888.0,394109.0
P-1011,2026-04-09,11.1,4.5,2098106.0,844519.0
P-1011,2026-05-08,15.5,7.7,2924297.0,1445065.0
P-1011,2026-06-06,20.4,11.5,3848300.0,2158214.0
P-1011,2026-07-05,25.7,16.0,4853950.0,3002733.0
P-1011,2026-08-03,31.4,20.9,5925087.0,3922320.0
P-1011,2026-09-01,37.4,26.3,7045548.0,4935742.0
P-1011,2026-09-30,43.5,32.0,8199169.0,6005466.0
P-1011,2026-10-01,43.7,32.2,8239345.0,6043000.0
P-1012,2026-07-03,0.0,0.0,0.0,0.0
P-1012,2026-07-23,0.5,0.0,83061.0,0.0
P-1012,2026-08-12,1.9,0.0,322870.0,0.0
P-1012,2026-09-01,4.2,0.0,705371.0,0.0
P-1012,2026-09-21,7.2,0.8,1216504.0,130667.0
P-1012,2026-10-01,9.0,1.5,1515915.0,245000.0
P-1013,2025-10-28,0.0,0.0,0.0,0.0
P-1013,2025-11-13,0.5,0.0,16451.0,0.0
P-1013,2025-11-29,1.9,0.1,63980.0,3486.0
P-1013,2025-12-15,4.1,1.1,139845.0,38346.0
P-1013,2025-12-31,7.0,3.0,241307.0,104580.0
P-1013,2026-01-16,10.6,5.6,365628.0,195216.0
P-1013,2026-02-01,14.8,9.0,510067.0,313740.0
P-1013,2026-02-17,19.6,12.9,671885.0,449694.0
P-1013,2026-03-05,24.7,17.4,848342.0,606564.0
P-1013,2026-03-21,30.2,22.4,1036699.0,780865.0
P-1013,2026-04-06,35.9,27.7,1234217.0,965623.0
P-1013,2026-04-22,41.9,33.3,1438155.0,1160839.0
P-1013,2026-05-08,47.9,39.2,1645775.0,1366513.0
P-1013,2026-05-24,54.0,45.2,1854336.0,1575673.0
P-1013,2026-06-09,60.0,51.3,2061100.0,1788319.0
P-1013,2026-06-25,65.9,57.3,2263326.0,1997479.0
P-1013,2026-07-11,71.6,63.3,2458275.0,2206639.0
P-1013,2026-07-27,76.9,69.1,2643208.0,2408828.0
P-1013,2026-08-12,82.0,74.6,2815385.0,2600558.0
P-1013,2026-08-28,86.5,79.8,2972066.0,2781830.0
P-1013,2026-09-13,90.6,84.5,3110512.0,2945672.0
P-1013,2026-09-29,94.0,88.8,3227984.0,3095570.0
P-1013,2026-10-01,94.4,89.3,3241057.0,3113000.0
P-1014,2026-07-23,0.0,0.0,0.0,0.0
P-1014,2026-08-07,0.5,0.4,29212.0,25099.0
P-1014,2026-08-22,1.9,1.7,113547.0,106670.0
P-1014,2026-09-06,4.2,3.8,248054.0,238440.0
P-1014,2026-09-21,7.3,6.8,427782.0,426681.0
P-1014,2026-10-01,9.7,9.1,570278.0,571000.0
P-1015,2026-05-15,0.0,0.0,0.0,0.0
P-1015,2026-06-06,0.5,0.5,109212.0,133727.0
P-1015,2026-06-28,1.8,1.8,424812.0,481416.0
P-1015,2026-07-20,4.0,4.0,928746.0,1069814.0
P-1015,2026-08-11,6.9,6.9,1602960.0,1845429.0
P-1015,2026-09-02,10.5,10.5,2429401.0,2808261.0
P-1015,2026-09-24,14.7,14.7,3390015.0,3931565.0
P-1015,2026-10-01,16.1,16.1,3720876.0,4306000.0
P-1016,2025-11-09,0.0,0.0,0.0,0.0
P-1016,2025-12-01,0.5,0.2,57758.0,28123.0
P-1016,2025-12-23,1.8,1.2,224668.0,168738.0
P-1016,2026-01-14,4.0,3.0,491181.0,421845.0
P-1016,2026-02-05,6.9,5.6,847749.0,787443.0
P-1016,2026-02-27,10.5,9.0,1284825.0,1265534.0
P-1016,2026-03-21,14.7,12.9,1792860.0,1813932.0
P-1016,2026-04-12,19.3,17.3,2362306.0,2432638.0
P-1016,2026-05-04,24.4,22.2,2983615.0,3121650.0
P-1016,2026-05-26,29.8,27.5,3647239.0,3866909.0
P-1016,2026-06-17,35.5,33.1,4343630.0,4654353.0
P-1016,2026-07-09,41.4,38.9,5063241.0,5469919.0
P-1016,2026-07-31,47.4,44.9,5796522.0,6313608.0
P-1016,2026-08-22,53.4,50.9,6533927.0,7157298.0
P-1016,2026-09-13,59.4,56.9,7265906.0,8000987.0
P-1016,2026-10-01,64.2,61.8,7854092.0,8690000.0
P-1017,2025-12-20,0.0,0.0,0.0,0.0
P-1017,2026-01-13,0.5,0.5,66688.0,71568.0
P-1017,2026-02-06,2.0,2.0,259143.0,286273.0
P-1017,2026-03-02,4.3,4.3,565955.0,615487.0
P-1017,2026-03-26,7.4,7.4,975710.0,1059210.0
P-1017,2026-04-19,11.2,11.2,1476998.0,1603128.0
P-1017,2026-05-13,15.6,15.6,2058406.0,2232929.0
P-1017,2026-06-06,20.5,20.5,2708523.0,2934297.0
P-1017,2026-06-30,25.8,25.9,3415936.0,3707234.0
P-1017,2026-07-24,31.5,31.6,4169235.0,4523112.0
P-1017,2026-08-17,37.5,37.5,4957007.0,5367617.0
P-1017,2026-09-10,43.6,43.7,5767840.0,6255063.0
P-1017,2026-10-01,49.1,49.1,6487265.0,7028000.0
P-1018,2026-08-25,0.0,0.0,0.0,0.0
P-1018,2026-09-01,0.6,0.0,41678.0,0.0
P-1018,2026-09-08,2.4,0.2,161431.0,13365.0
P-1018,2026-09-15,5.2,1.6,351339.0,106918.0
P-1018,2026-09-22,8.9,4.0,603481.0,267294.0
P-1018,2026-09-29,13.5,7.4,909936.0,494494.0
P-1018,2026-10-01,14.9,8.5,1006362.0,568000.0
P-1019,2025-08-15,0.0,0.0,0.0,0.0
P-1019,2025-09-04,0.5,0.5,47618.0,58077.0
P-1019,2025-09-24,1.9,1.9,185098.0,220692.0
P-1019,2025-10-14,4.2,4.1,404382.0,476231.0
P-1019,2025-11-03,7.2,7.1,697409.0,824692.0
P-1019,2025-11-23,11.0,10.8,1056121.0,1254462.0
P-1019,2025-12-13,15.3,15.1,1472458.0,1753923.0
P-1019,2026-01-02,20.1,19.9,1938360.0,2311462.0
P-1019,2026-01-22,25.4,25.2,2445768.0,2927077.0
P-1019,2026-02-11,31.0,30.8,2986623.0,3577538.0
P-1019,2026-03-03,36.9,36.6,3552865.0,4251231.0
P-1019,2026-03-23,42.9,42.7,4136435.0,4959769.0
P-1019,2026-04-12,49.1,48.8,4729273.0,5668308.0
P-1019,2026-05-02,55.2,55.0,5323320.0,6388462.0
P-1019,2026-05-22,61.3,61.1,5910517.0,7097000.0
P-1019,2026-06-11,67.3,67.0,6482803.0,7782308.0
P-1019,2026-07-01,73.0,72.7,7032121.0,8444385.0
P-1019,2026-07-21,78.3,78.1,7550409.0,9071615.0
P-1019,2026-08-10,83.3,83.1,8029609.0,9652385.0
P-1019,2026-08-30,87.8,87.6,8461662.0,10175077.0
P-1019,2026-09-19,91.7,91.6,8838507.0,10639692.0
P-1019,2026-10-01,93.8,93.6,9034763.0,10872000.0
P-1020,2026-08-03,0.0,0.0,0.0,0.0
P-1020,2026-08-10,1.0,0.0,43477.0,0.0
P-1020,2026-08-17,3.7,0.0,166933.0,0.0
P-1020,2026-08-24,8.0,0.0,359903.0,0.0
P-1020,2026-08-31,13.6,0.0,611923.0,0.0
P-1020,2026-09-07,20.3,0.0,912528.0,0.0
P-1020,2026-09-14,27.8,0.8,1251253.0,40825.0
P-1020,2026-09-21,35.9,3.4,1617634.0,173505.0
P-1020,2026-09-28,44.4,7.5,2001207.0,382732.0
P-1020,2026-10-01,48.1,9.7,2168265.0,495000.0
P-1021,2025-11-22,0.0,0.0,0.0,0.0
P-1021,2025-12-17,0.5,0.4,60322.0,55525.0
P-1021,2026-01-11,1.9,1.7,234489.0,235982.0
P-1021,2026-02-05,4.2,3.8,512298.0,527490.0
P-1021,2026-03-02,7.2,6.8,883549.0,943930.0
P-1021,2026-03-27,10.9,10.4,1338041.0,1443658.0
P-1021,2026-04-21,15.3,14.6,1865573.0,2026673.0
P-1021,2026-05-16,20.1,19.4,2455943.0,2692977.0
P-1021,2026-06-10,25.3,24.6,3098951.0,3414805.0
P-1021,2026-07-05,30.9,30.2,3784395.0,4192160.0
P-1021,2026-07-30,36.8,36.0,4502075.0,4997276.0
P-1021,2026-08-24,42.9,42.0,5241789.0,5830156.0
P-1021,2026-09-18,49.0,48.2,5993336.0,6690798.0
P-1021,2026-10-01,52.2,51.4,6385431.0,7135000.0
P-1022,2026-05-10,0.0,0.0,0.0,0.0
P-1022,2026-06-05,0.5,0.4,121774.0,98444.0
P-1022,2026-07-01,1.9,1.7,473491.0,418389.0
P-1022,2026-07-27,4.1,3.9,1034749.0,959833.0
P-1022,2026-08-22,7.1,6.8,1785141.0,1673556.0
P-1022,2026-09-17,10.8,10.4,2704263.0,2559556.0
P-1022,2026-10-01,13.0,12.6,3261912.0,3101000.0
P-1023,2026-06-21,0.0,0.0,0.0,0.0
P-1023,2026-06-28,0.6,0.0,43177.0,0.0
P-1023,2026-07-05,2.4,0.0,167236.0,0.0
P-1023,2026-07-12,5.2,0.0,363972.0,0.0
P-1023,2026-07-19,8.9,0.0,625180.0,0.0
P-1023,2026-07-26,13.5,0.0,942655.0,0.0
P-1023,2026-08-02,18.7,0.0,1308190.0,0.0
P-1023,2026-08-09,24.5,0.0,1713580.0,0.0
P-1023,2026-08-16,30.7,0.4,2150621.0,27521.0
P-1023,2026-08-23,37.3,1.9,2611105.0,130723.0
P-1023,2026-08-30,44.1,4.6,3086828.0,316487.0
P-1023,2026-09-06,51.0,8.1,3569585.0,557292.0
P-1023,2026-09-13,57.9,12.5,4051169.0,860019.0
P-1023,2026-09-20,64.6,17.6,4523376.0,1210906.0
P-1023,2026-09-27,71.1,23.2,4977999.0,1596195.0
P-1023,2026-10-01,74.7,26.7,5226732.0,1837000.0
P-1024,2026-06-20,0.0,0.0,0.0,0.0
P-1024,2026-07-19,0.5,0.1,112453.0,22070.0
P-1024,2026-08-17,2.0,1.0,437017.0,220698.0
P-1024,2026-09-15,4.3,2.9,954500.0,640023.0
P-1024,2026-10-01,5.9,4.3,1315601.0,949000.0
P-1025,2025-11-02,0.0,0.0,0.0,0.0
P-1025,2025-11-18,0.5,0.5,30259.0,35252.0
P-1025,2025-12-04,1.9,1.9,117678.0,133956.0
P-1025,2025-12-20,4.1,4.1,257216.0,289063.0
P-1025,2026-01-05,7.0,7.0,443837.0,493522.0
P-1025,2026-01-21,10.6,10.6,672500.0,747334.0
P-1025,2026-02-06,14.8,14.9,938167.0,1050498.0
P-1025,2026-02-22,19.6,19.6,1235799.0,1381863.0
P-1025,2026-03-10,24.7,24.7,1560357.0,1741429.0
P-1025,2026-03-26,30.2,30.2,1906803.0,2129197.0
P-1025,2026-04-11,35.9,35.9,2270097.0,2531065.0
P-1025,2026-04-27,41.9,41.9,2645201.0,2954085.0
P-1025,2026-05-13,47.9,47.9,3027076.0,3377104.0
P-1025,2026-05-29,54.0,54.0,3410683.0,3807173.0
P-1025,2026-06-14,60.0,60.0,3790983.0,4230193.0
P-1025,2026-06-30,65.9,65.9,4162938.0,4646162.0
P-1025,2026-07-16,71.6,71.6,4521508.0,5048030.0
P-1025,2026-08-01,76.9,77.0,4861655.0,5428747.0
P-1025,2026-08-17,82.0,82.0,5178340.0,5781263.0
P-1025,2026-09-02,86.5,86.5,5466525.0,6098528.0
P-1025,2026-09-18,90.6,90.6,5721169.0,6387591.0
P-1025,2026-10-01,93.4,93.4,5899893.0,6585000.0
P-1026,2026-08-03,0.0,0.0,0.0,0.0
P-1026,2026-08-13,0.5,0.0,18248.0,0.0
P-1026,2026-08-23,1.9,0.0,70932.0,0.0
P-1026,2026-09-02,4.2,0.0,154963.0,0.0
P-1026,2026-09-12,7.2,0.0,267255.0,0.0
P-1026,2026-09-22,11.0,0.0,404717.0,0.0
P-1026,2026-10-01,14.8,0.4,547401.0,16000.0
P-1027,2026-05-09,0.0,0.0,0.0,0.0
P-1027,2026-05-16,0.4,0.0,11294.0,0.0
P-1027,2026-05-23,1.7,0.0,43989.0,0.0
P-1027,2026-05-30,3.7,0.0,96300.0,0.0
P-1027,2026-06-06,6.4,0.0,166445.0,0.0
P-1027,2026-06-13,9.7,0.0,252640.0,0.0
P-1027,2026-06-20,13.5,0.0,353102.0,0.0
P-1027,2026-06-27,17.8,0.0,466046.0,0.0
P-1027,2026-07-04,22.6,0.0,589691.0,0.0
P-1027,2026-07-11,27.7,0.4,722253.0,11079.0
P-1027,2026-07-18,33.0,1.5,861948.0,41548.0
P-1027,2026-07-25,38.6,3.5,1006993.0,96946.0
P-1027,2026-08-01,44.2,6.1,1155605.0,168962.0
P-1027,2026-08-08,50.0,9.3,1306000.0,257598.0
P-1027,2026-08-15,55.8,13.1,1456395.0,362854.0
P-1027,2026-08-22,61.4,17.4,1605007.0,481958.0
P-1027,2026-08-29,67.0,22.1,1750052.0,612142.0
P-1027,2026-09-05,72.3,27.1,1889747.0,750636.0
P-1027,2026-09-12,77.4,32.5,2022309.0,900209.0
P-1027,2026-09-19,82.2,38.0,2145954.0,1052552.0
P-1027,2026-09-26,86.5,43.7,2258898.0,1210435.0
P-1027,2026-10-01,89.3,47.8,2332035.0,1324000.0
P-1028,2026-04-14,0.0,0.0,0.0,0.0
P-1028,2026-04-25,0.5,0.0,36833.0,0.0
P-1028,2026-05-06,1.8,0.0,143264.0,0.0
P-1028,2026-05-17,4.0,0.0,313193.0,0.0
P-1028,2026-05-28,7.0,0.8,540520.0,73526.0
P-1028,2026-06-08,10.5,2.3,819145.0,211387.0
P-1028,2026-06-19,14.7,4.7,1142967.0,431965.0
P-1028,2026-06-30,19.4,7.8,1505886.0,716879.0
P-1028,2026-07-11,24.5,11.6,1901802.0,1066127.0
P-1028,2026-07-22,29.9,15.9,2324615.0,1461329.0
P-1028,2026-08-02,35.6,20.7,2768224.0,1902486.0
P-1028,2026-08-13,41.5,25.9,3226529.0,2380405.0
P-1028,2026-08-24,47.5,31.4,3693429.0,2885896.0
P-1028,2026-09-04,53.6,37.2,4162826.0,3418960.0
P-1028,2026-09-15,59.6,43.1,4628618.0,3961214.0
P-1028,2026-09-26,65.4,49.2,5084704.0,4521850.0
P-1028,2026-10-01,68.0,51.9,5287158.0,4770000.0
P-1029,2026-06-22,0.0,0.0,0.0,0.0
P-1029,2026-07-05,0.4,0.0,37938.0,0.0
P-1029,2026-07-18,1.7,0.0,147711.0,0.0
P-1029,2026-07-31,3.8,0.0,323253.0,0.0
P-1029,2026-08-13,6.5,0.6,558502.0,58312.0
P-1029,2026-08-26,9.9,2.0,847393.0,194375.0
P-1029,2026-09-08,13.8,4.1,1183862.0,398469.0
P-1029,2026-09-21,18.2,7.0,1561845.0,680312.0
P-1029,2026-10-01,21.9,9.6,1877043.0,933000.0
P-1030,2026-06-19,0.0,0.0,0.0,0.0
P-1030,2026-06-26,0.4,0.0,6132.0,0.0
P-1030,2026-07-03,1.7,0.0,23881.0,0.0
P-1030,2026-07-10,3.7,0.2,52279.0,3101.0
P-1030,2026-07-17,6.4,1.2,90360.0,18608.0
P-1030,2026-07-24,9.7,3.0,137153.0,46519.0
P-1030,2026-07-31,13.5,5.5,191691.0,85285.0
P-1030,2026-08-07,17.8,8.6,253007.0,133354.0
P-1030,2026-08-14,22.6,12.3,320131.0,190728.0
P-1030,2026-08-21,27.7,16.5,392096.0,255854.0
P-1030,2026-08-28,33.0,21.1,467934.0,327184.0
P-1030,2026-09-04,38.6,26.1,546675.0,404715.0
P-1030,2026-09-11,44.2,31.3,627354.0,485348.0
P-1030,2026-09-18,50.0,36.8,709000.0,570633.0
P-1030,2026-09-25,55.8,42.5,790646.0,659019.0
P-1030,2026-10-01,60.6,47.4,859895.0,735000.0
P-1031,2025-10-02,0.0,0.0,0.0,0.0
P-1031,2025-11-01,0.5,0.0,142181.0,0.0
P-1031,2025-12-01,1.9,0.3,552683.0,89109.0
P-1031,2025-12-31,4.2,1.5,1207439.0,445546.0
P-1031,2026-01-30,7.2,3.5,2082386.0,1039608.0
P-1031,2026-03-01,11.0,6.4,3153459.0,1900998.0
P-1031,2026-03-31,15.3,9.9,4396593.0,2940606.0
P-1031,2026-04-30,20.1,14.1,5787725.0,4188135.0
P-1031,2026-05-30,25.4,18.8,7302789.0,5584181.0
P-1031,2026-06-29,31.0,23.9,8917721.0,7099038.0
P-1031,2026-07-29,36.9,29.5,10608456.0,8762411.0
P-1031,2026-08-28,42.9,35.3,12350930.0,10485190.0
P-1031,2026-09-27,49.1,41.3,14121078.0,12267375.0
P-1031,2026-10-01,49.9,42.1,14357896.0,12505000.0
P-1032,2026-04-30,0.0,0.0,0.0,0.0
P-1032,2026-05-10,0.5,0.0,33027.0,0.0
P-1032,2026-05-20,1.9,0.1,128380.0,6698.0
P-1032,2026-05-30,4.2,1.0,280470.0,66975.0
P-1032,2026-06-09,7.2,2.9,483707.0,194228.0
P-1032,2026-06-19,11.0,5.5,732501.0,368364.0
P-1032,2026-06-29,15.3,8.9,1021263.0,596079.0
P-1032,2026-07-09,20.1,12.9,1344402.0,863980.0
P-1032,2026-07-19,25.4,17.4,1696328.0,1165369.0
P-1032,2026-07-29,31.0,22.5,2071453.0,1506942.0
P-1032,2026-08-08,36.9,27.9,2464185.0,1868608.0
P-1032,2026-08-18,42.9,33.7,2868935.0,2257064.0
P-1032,2026-08-28,49.1,39.6,3280114.0,2652218.0
P-1032,2026-09-07,55.2,45.8,3692132.0,3067464.0
P-1032,2026-09-17,61.3,51.9,4099398.0,3476013.0
P-1032,2026-09-27,67.3,58.1,4496322.0,3891260.0
P-1032,2026-10-01,69.6,60.5,4650945.0,4052000.0
