milestone_id,project_id,milestone,planned_date,actual_forecast_date,status
M-0001,P-1001,Mobilization,2025-11-20,2025-11-19,Completed
M-0002,P-1001,Survey & Design Approval,2026-01-01,2026-01-02,Completed
M-0003,P-1001,Permits & Approvals,2026-02-12,2026-02-09,Completed
M-0004,P-1001,Phase 1 Delivery,2026-03-26,2026-03-23,Completed
M-0005,P-1001,Installation Complete,2026-05-07,2026-05-04,Completed
M-0006,P-1001,Testing & Commissioning,2026-06-18,2026-06-19,Completed
M-0007,P-1001,Final Handover,2026-07-30,2026-07-28,Completed
M-0008,P-1002,Mobilization,2026-03-23,2026-03-24,Completed
M-0009,P-1002,Survey & Design Approval,2026-04-21,2026-04-22,Completed
M-0010,P-1002,Permits & Approvals,2026-05-21,2026-05-23,Completed
M-0011,P-1002,Installation Complete,2026-06-19,2026-06-20,Completed
M-0012,P-1002,Final Handover,2026-07-19,2026-07-24,Completed
M-0013,P-1003,Mobilization,2025-10-23,2025-10-30,Completed
M-0014,P-1003,Survey & Design Approval,2025-12-01,2025-12-08,Completed
M-0015,P-1003,Material Delivery,2026-01-09,2026-01-19,Completed
M-0016,P-1003,Installation Complete,2026-02-18,2026-03-04,Completed
M-0017,P-1003,Testing & Commissioning,2026-03-29,2026-04-14,Completed
M-0018,P-1003,Final Handover,2026-05-07,2026-05-23,Completed
M-0019,P-1004,Mobilization,2024-11-29,2024-12-03,Completed
M-0020,P-1004,Survey & Design Approval,2025-02-11,2025-02-16,Completed
M-0021,P-1004,Permits & Approvals,2025-04-26,2025-04-30,Completed
M-0022,P-1004,Material Delivery,2025-07-08,2025-07-09,Completed
M-0023,P-1004,Phase 1 Delivery,2025-09-20,2025-09-23,Completed
M-0024,P-1004,Installation Complete,2025-12-03,2025-12-06,Completed
M-0025,P-1004,Testing & Commissioning,2026-02-15,2026-02-20,Completed
M-0026,P-1004,Final Handover,2026-04-29,2026-05-01,Completed
M-0027,P-1005,Mobilization,2026-06-18,2026-06-27,Completed
M-0028,P-1005,Material Delivery,2026-07-10,2026-07-22,Completed
M-0029,P-1005,Installation Complete,2026-08-01,2026-08-21,Completed
M-0030,P-1005,Final Handover,2026-08-23,2026-09-15,Completed
M-0031,P-1006,Mobilization,2026-01-21,2026-01-21,Completed
M-0032,P-1006,Survey & Design Approval,2026-02-13,2026-02-14,Completed
M-0033,P-1006,Permits & Approvals,2026-03-09,2026-03-09,Completed
M-0034,P-1006,Phase 1 Delivery,2026-04-01,2026-04-04,Completed
M-0035,P-1006,Final Handover,2026-04-25,2026-04-27,Completed
M-0036,P-1007,Mobilization,2026-07-14,2026-07-13,Completed
M-0037,P-1007,Survey & Design Approval,2026-09-11,2026-09-13,Completed
M-0038,P-1007,Permits & Approvals,2026-11-09,2026-11-10,On Track
M-0039,P-1007,Material Delivery,2027-01-07,2027-01-10,On Track
M-0040,P-1007,Phase 1 Delivery,2027-03-07,2027-03-08,On Track
M-0041,P-1007,Installation Complete,2027-05-05,2027-05-05,On Track
M-0042,P-1007,Testing & Commissioning,2027-07-03,2027-07-03,On Track
M-0043,P-1007,Final Handover,2027-08-31,2027-09-03,On Track
M-0044,P-1008,Mobilization,2026-08-20,2026-08-23,Completed
M-0045,P-1008,Survey & Design Approval,2026-09-28,2026-10-01,Delayed
M-0046,P-1008,Permits & Approvals,2026-11-06,2026-11-10,On Track
M-0047,P-1008,Phase 1 Delivery,2026-12-16,2026-12-18,On Track
M-0048,P-1008,Testing & Commissioning,2027-01-24,2027-01-24,On Track
M-0049,P-1008,Final Handover,2027-03-04,2027-03-05,On Track
M-0050,P-1009,Mobilization,2026-05-23,2026-06-20,Completed
M-0051,P-1009,Survey & Design Approval,2026-07-14,2026-08-13,Completed
M-0052,P-1009,Permits & Approvals,2026-09-03,2026-10-12,Delayed
M-0053,P-1009,Material Delivery,2026-10-25,2026-12-03,Delayed
M-0054,P-1009,Phase 1 Delivery,2026-12-15,2027-01-27,Delayed
M-0055,P-1009,Installation Complete,2027-02-05,2027-03-29,Delayed
M-0056,P-1009,Testing & Commissioning,2027-03-28,2027-05-23,Delayed
M-0057,P-1009,Final Handover,2027-05-19,2027-07-17,Delayed
M-0058,P-1010,Mobilization,2026-08-24,2026-09-10,Completed
M-0059,P-1010,Permits & Approvals,2026-09-15,2026-10-10,Delayed
M-0060,P-1010,Phase 1 Delivery,2026-10-07,2026-11-05,Delayed
M-0061,P-1010,Final Handover,2026-10-29,2026-12-05,Delayed
M-0062,P-1011,Mobilization,2026-02-07,2026-03-16,Completed
M-0063,P-1011,Survey & Design Approval,2026-05-03,2026-06-18,Completed
M-0064,P-1011,Permits & Approvals,2026-07-27,2026-09-15,Completed
M-0065,P-1011,Material Delivery,2026-10-20,2026-12-13,Delayed
M-0066,P-1011,Phase 1 Delivery,2027-01-12,2027-03-15,Delayed
M-0067,P-1011,Installation Complete,2027-04-07,2027-06-16,Delayed
M-0068,P-1011,Testing & Commissioning,2027-07-01,2027-09-10,Delayed
M-0069,P-1011,Final Handover,2027-09-24,2027-12-11,Delayed
M-0070,P-1012,Mobilization,2026-08-30,2026-10-06,Delayed
M-0071,P-1012,Survey & Design Approval,2026-10-28,2026-12-10,Delayed
M-0072,P-1012,Permits & Approvals,2026-12-26,2027-02-15,Delayed
M-0073,P-1012,Material Delivery,2027-02-23,2027-04-19,Delayed
M-0074,P-1012,Phase 1 Delivery,2027-04-23,2027-06-22,Delayed
M-0075,P-1012,Installation Complete,2027-06-21,2027-08-26,Delayed
M-0076,P-1012,Testing & Commissioning,2027-08-19,2027-10-29,Delayed
M-0077,P-1012,Final Handover,2027-10-17,2028-01-05,Delayed
M-0078,P-1013,Mobilization,2025-12-14,2025-12-31,Completed
M-0079,P-1013,Survey & Design Approval,2026-01-31,2026-02-20,Completed
M-0080,P-1013,Permits & Approvals,2026-03-20,2026-04-11,Completed
M-0081,P-1013,Material Delivery,2026-05-07,2026-06-01,Completed
M-0082,P-1013,Phase 1 Delivery,2026-06-24,2026-07-17,Completed
M-0083,P-1013,Installation Complete,2026-08-11,2026-09-11,Completed
M-0084,P-1013,Testing & Commissioning,2026-09-28,2026-10-29,Delayed
M-0085,P-1013,Final Handover,2026-11-15,2026-12-17,Delayed
M-0086,P-1014,Mobilization,2026-09-05,2026-09-09,Completed
M-0087,P-1014,Survey & Design Approval,2026-10-19,2026-10-21,On Track
M-0088,P-1014,Permits & Approvals,2026-12-02,2026-12-05,On Track
M-0089,P-1014,Material Delivery,2027-01-15,2027-01-20,At Risk
M-0090,P-1014,Phase 1 Delivery,2027-02-28,2027-03-05,At Risk
M-0091,P-1014,Installation Complete,2027-04-13,2027-04-14,On Track
M-0092,P-1014,Testing & Commissioning,2027-05-27,2027-05-27,On Track
M-0093,P-1014,Final Handover,2027-07-11,2027-07-12,On Track
M-0094,P-1015,Mobilization,2026-07-20,2026-07-18,Completed
M-0095,P-1015,Survey & Design Approval,2026-09-24,2026-09-22,Completed
M-0096,P-1015,Permits & Approvals,2026-11-29,2026-12-02,On Track
M-0097,P-1015,Material Delivery,2027-02-04,2027-02-04,On Track
M-0098,P-1015,Phase 1 Delivery,2027-04-11,2027-04-14,On Track
M-0099,P-1015,Installation Complete,2027-06-16,2027-06-17,On Track
M-0100,P-1015,Testing & Commissioning,2027-08-22,2027-08-22,On Track
M-0101,P-1015,Final Handover,2027-10-27,2027-10-28,On Track
M-0102,P-1016,Mobilization,2026-01-14,2026-01-18,Completed
M-0103,P-1016,Survey & Design Approval,2026-03-21,2026-03-28,Completed
M-0104,P-1016,Permits & Approvals,2026-05-26,2026-06-04,Completed
M-0105,P-1016,Material Delivery,2026-08-01,2026-08-12,Completed
M-0106,P-1016,Phase 1 Delivery,2026-10-06,2026-10-19,At Risk
M-0107,P-1016,Installation Complete,2026-12-11,2026-12-22,At Risk
M-0108,P-1016,Testing & Commissioning,2027-02-16,2027-02-28,At Risk
M-0109,P-1016,Final Handover,2027-04-23,2027-05-06,At Risk
M-0110,P-1017,Mobilization,2026-02-27,2026-02-28,Completed
M-0111,P-1017,Survey & Design Approval,2026-05-08,2026-05-09,Completed
M-0112,P-1017,Permits & Approvals,2026-07-17,2026-07-15,Completed
M-0113,P-1017,Material Delivery,2026-09-25,2026-09-27,Completed
M-0114,P-1017,Phase 1 Delivery,2026-12-04,2026-12-04,On Track
M-0115,P-1017,Installation Complete,2027-02-12,2027-02-15,On Track
M-0116,P-1017,Testing & Commissioning,2027-04-23,2027-04-23,On Track
M-0117,P-1017,Final Handover,2027-07-02,2027-07-03,On Track
M-0118,P-1018,Mobilization,2026-09-23,2026-10-02,Delayed
M-0119,P-1018,Survey & Design Approval,2026-10-22,2026-11-02,At Risk
M-0120,P-1018,Material Delivery,2026-11-21,2026-12-01,At Risk
M-0121,P-1018,Phase 1 Delivery,2026-12-20,2026-12-30,At Risk
M-0122,P-1018,Final Handover,2027-01-19,2027-02-03,At Risk
M-0123,P-1019,Mobilization,2025-10-12,2025-10-15,Completed
M-0124,P-1019,Survey & Design Approval,2025-12-10,2025-12-10,Completed
M-0125,P-1019,Permits & Approvals,2026-02-07,2026-02-07,Completed
M-0126,P-1019,Material Delivery,2026-04-07,2026-04-10,Completed
M-0127,P-1019,Phase 1 Delivery,2026-06-05,2026-06-06,Completed
M-0128,P-1019,Installation Complete,2026-08-03,2026-08-06,Completed
M-0129,P-1019,Testing & Commissioning,2026-10-01,2026-10-04,On Track
M-0130,P-1019,Final Handover,2026-11-29,2026-12-02,On Track
M-0131,P-1020,Mobilization,2026-08-26,2026-09-22,Delayed
M-0132,P-1020,Permits & Approvals,2026-09-18,2026-10-23,Delayed
M-0133,P-1020,Installation Complete,2026-10-12,2026-11-20,Delayed
M-0134,P-1020,Testing & Commissioning,2026-11-04,2026-12-18,Delayed
M-0135,P-1020,Final Handover,2026-11-28,2027-01-16,Delayed
M-0136,P-1021,Mobilization,2026-02-03,2026-02-08,Completed
M-0137,P-1021,Survey & Design Approval,2026-04-18,2026-04-19,Completed
M-0138,P-1021,Permits & Approvals,2026-07-01,2026-07-07,Completed
M-0139,P-1021,Material Delivery,2026-09-12,2026-09-15,Completed
M-0140,P-1021,Phase 1 Delivery,2026-11-25,2026-11-28,On Track
M-0141,P-1021,Installation Complete,2027-02-07,2027-02-09,On Track
M-0142,P-1021,Testing & Commissioning,2027-04-22,2027-04-29,At Risk
M-0143,P-1021,Final Handover,2027-07-04,2027-07-07,On Track
M-0144,P-1022,Mobilization,2026-07-26,2026-07-28,Completed
M-0145,P-1022,Survey & Design Approval,2026-10-11,2026-10-15,On Track
M-0146,P-1022,Permits & Approvals,2026-12-28,2026-12-29,On Track
M-0147,P-1022,Material Delivery,2027-03-15,2027-03-20,At Risk
M-0148,P-1022,Phase 1 Delivery,2027-05-31,2027-06-04,On Track
M-0149,P-1022,Installation Complete,2027-08-17,2027-08-18,On Track
M-0150,P-1022,Testing & Commissioning,2027-11-02,2027-11-04,On Track
M-0151,P-1022,Final Handover,2028-01-18,2028-01-23,At Risk
M-0152,P-1023,Mobilization,2026-07-20,2026-08-24,Completed
M-0153,P-1023,Survey & Design Approval,2026-08-18,2026-10-01,Delayed
M-0154,P-1023,Phase 1 Delivery,2026-09-17,2026-11-09,Delayed
M-0155,P-1023,Installation Complete,2026-10-16,2026-12-20,Delayed
M-0156,P-1023,Final Handover,2026-11-15,2027-01-24,Delayed
M-0157,P-1024,Mobilization,2026-09-12,2026-09-21,Delayed
M-0158,P-1024,Survey & Design Approval,2026-12-06,2026-12-18,At Risk
M-0159,P-1024,Permits & Approvals,2027-03-01,2027-03-17,At Risk
M-0160,P-1024,Material Delivery,2027-05-25,2027-06-13,At Risk
M-0161,P-1024,Phase 1 Delivery,2027-08-17,2027-09-05,At Risk
M-0162,P-1024,Installation Complete,2027-11-10,2027-11-30,At Risk
M-0163,P-1024,Testing & Commissioning,2028-02-03,2028-02-26,At Risk
M-0164,P-1024,Final Handover,2028-04-28,2028-05-19,At Risk
M-0165,P-1025,Mobilization,2025-12-19,2025-12-16,Completed
M-0166,P-1025,Survey & Design Approval,2026-02-05,2026-02-07,Completed
M-0167,P-1025,Permits & Approvals,2026-03-25,2026-03-27,Completed
M-0168,P-1025,Material Delivery,2026-05-12,2026-05-13,Completed
M-0169,P-1025,Phase 1 Delivery,2026-06-29,2026-06-27,Completed
M-0170,P-1025,Installation Complete,2026-08-16,2026-08-13,Completed
M-0171,P-1025,Testing & Commissioning,2026-10-03,2026-10-03,On Track
M-0172,P-1025,Final Handover,2026-11-20,2026-11-23,On Track
M-0173,P-1026,Mobilization,2026-09-11,2026-10-17,Delayed
M-0174,P-1026,Survey & Design Approval,2026-10-20,2026-12-02,Delayed
M-0175,P-1026,Permits & Approvals,2026-11-28,2027-01-18,Delayed
M-0176,P-1026,Installation Complete,2027-01-07,2027-03-03,Delayed
M-0177,P-1026,Testing & Commissioning,2027-02-15,2027-04-21,Delayed
M-0178,P-1026,Final Handover,2027-03-26,2027-06-05,Delayed
M-0179,P-1027,Mobilization,2026-06-07,2026-07-17,Completed
M-0180,P-1027,Permits & Approvals,2026-07-06,2026-08-23,Completed
M-0181,P-1027,Phase 1 Delivery,2026-08-05,2026-09-29,Delayed
M-0182,P-1027,Installation Complete,2026-09-03,2026-11-09,Delayed
M-0183,P-1027,Testing & Commissioning,2026-10-03,2026-12-13,Delayed
M-0184,P-1027,Final Handover,2026-11-01,2027-01-24,Delayed
M-0185,P-1028,Mobilization,2026-05-21,2026-06-09,Completed
M-0186,P-1028,Survey & Design Approval,2026-06-28,2026-07-24,Completed
M-0187,P-1028,Permits & Approvals,2026-08-05,2026-08-31,Completed
M-0188,P-1028,Material Delivery,2026-09-12,2026-10-15,Delayed
M-0189,P-1028,Phase 1 Delivery,2026-10-20,2026-11-27,Delayed
M-0190,P-1028,Installation Complete,2026-11-26,2027-01-07,Delayed
M-0191,P-1028,Final Handover,2027-01-03,2027-02-17,Delayed
M-0192,P-1029,Mobilization,2026-08-01,2026-08-26,Completed
M-0193,P-1029,Survey & Design Approval,2026-09-10,2026-10-08,Delayed
M-0194,P-1029,Permits & Approvals,2026-10-21,2026-11-22,Delayed
M-0195,P-1029,Material Delivery,2026-11-30,2027-01-05,Delayed
M-0196,P-1029,Phase 1 Delivery,2027-01-10,2027-02-19,Delayed
M-0197,P-1029,Installation Complete,2027-02-19,2027-04-04,Delayed
M-0198,P-1029,Testing & Commissioning,2027-04-01,2027-05-19,Delayed
M-0199,P-1029,Final Handover,2027-05-11,2027-07-06,Delayed
M-0200,P-1030,Mobilization,2026-07-18,2026-08-01,Completed
M-0201,P-1030,Permits & Approvals,2026-08-16,2026-08-30,Completed
M-0202,P-1030,Material Delivery,2026-09-15,2026-10-01,Delayed
M-0203,P-1030,Phase 1 Delivery,2026-10-14,2026-10-30,At Risk
M-0204,P-1030,Installation Complete,2026-11-13,2026-12-02,At Risk
M-0205,P-1030,Final Handover,2026-12-12,2027-01-05,At Risk
M-0206,P-1031,Mobilization,2025-12-29,2026-01-26,Completed
M-0207,P-1031,Survey & Design Approval,2026-03-27,2026-04-27,Completed
M-0208,P-1031,Permits & Approvals,2026-06-24,2026-07-27,Completed
M-0209,P-1031,Material Delivery,2026-09-20,2026-10-29,Delayed
M-0210,P-1031,Phase 1 Delivery,2026-12-17,2027-01-28,Delayed
M-0211,P-1031,Installation Complete,2027-03-16,2027-05-01,Delayed
M-0212,P-1031,Testing & Commissioning,2027-06-12,2027-08-01,Delayed
M-0213,P-1031,Final Handover,2027-09-09,2027-11-02,Delayed
M-0214,P-1032,Mobilization,2026-06-08,2026-06-19,Completed
M-0215,P-1032,Survey & Design Approval,2026-07-17,2026-08-02,Completed
M-0216,P-1032,Phase 1 Delivery,2026-08-25,2026-09-08,Completed
M-0217,P-1032,Installation Complete,2026-10-04,2026-10-19,At Risk
M-0218,P-1032,Testing & Commissioning,2026-11-12,2026-12-03,At Risk
M-0219,P-1032,Final Handover,2026-12-21,2027-01-14,At Risk
