project_id,project_name,client,region,project_manager,project_type,contract_value,budget,planned_start,planned_end,actual_start,forecast_end,completion_percentage,planned_completion_percentage,schedule_variance_days,budget_spent,forecast_cost,is_completed,duration_days,last_updated,number_of_open_issues,number_of_open_risks,risk_level,budget_variance,budget_variance_pct,cost_overrun_pct,budget_utilization,progress_gap,open_critical_issues,issue_points,overdue_milestones,score_schedule,score_cost,score_progress,score_issues,score_risk,health_score,health_status,is_active,is_delayed,attention_score
P-1001,Dammam Airport Civil Works Package,Telecom Client B,Dammam,Yousef Al-Subaie,Civil Works,9689000.0,8090000.0,2025-10-09,2026-08-09,2025-10-10,2026-08-07,100.0,100.0,-2,9373000.0,9373000.0,True,304,2026-10-01,0,0,Low,-1283000.0,-0.15859085290482078,0.15859085290482078,1.1585908529048208,0.0,0,0.0,0,100.0,0.0,100.0,100.0,100.0,75.0,Completed,False,False,0.0
P-1002,Tabuk West Infrastructure Program,Government Client A,Tabuk,Badr Al-Yami,Infrastructure,9077000.0,7846000.0,2026-02-22,2026-07-24,2026-02-28,2026-07-27,100.0,100.0,3,8025000.0,8025000.0,True,152,2026-10-01,0,0,Low,-179000.0,-0.022814172826918173,0.022814172826918173,1.0228141728269182,0.0,0,0.0,0,95.0,84.79055144872122,100.0,100.0,100.0,94.7,Completed,False,False,0.0
P-1003,Abha North Tower Build Program,Infrastructure Client A,Abha,Sultan Al-Malki,Tower Deployment,6494000.0,5299000.0,2025-09-14,2026-05-15,2025-09-20,2026-05-31,100.0,100.0,16,5880000.0,5880000.0,True,243,2026-10-01,0,0,Low,-581000.0,-0.1096433289299868,0.1096433289299868,1.1096433289299867,0.0,0,0.0,0,73.33333333333334,26.9044473800088,100.0,100.0,100.0,73.7,Completed,False,False,0.0
P-1004,Dammam Central Enterprise Connectivity,Infrastructure Client A,Dammam,Abdullah Al-Mutairi,Enterprise Connectivity,16462000.0,14198000.0,2024-09-17,2026-05-18,2024-09-21,2026-05-22,100.0,100.0,4,15424000.0,15424000.0,True,608,2026-10-01,0,0,Low,-1226000.0,-0.08635019016762924,0.08635019016762924,1.0863501901676293,0.0,0,0.0,0,93.33333333333333,42.43320655491384,100.0,100.0,100.0,83.6,Completed,False,False,0.0
P-1005,Riyadh Central Civil Works Package,Telecom Client B,Riyadh,Sultan Al-Malki,Civil Works,1741000.0,1486000.0,2026-05-27,2026-08-26,2026-06-01,2026-09-15,100.0,100.0,20,1676000.0,1676000.0,True,91,2026-10-01,0,0,Low,-190000.0,-0.1278600269179004,0.1278600269179004,1.1278600269179004,0.0,0,0.0,0,66.66666666666667,14.759982054733056,100.0,100.0,100.0,68.7,Completed,False,False,0.0
P-1006,Dammam Industrial Civil Works Package,Enterprise Client A,Dammam,Sultan Al-Malki,Civil Works,3777000.0,3189000.0,2025-12-29,2026-04-29,2025-12-29,2026-04-30,100.0,100.0,1,3775000.0,3775000.0,True,121,2026-10-01,0,0,Low,-586000.0,-0.18375666353088743,0.18375666353088743,1.1837566635308874,0.0,0,0.0,0,98.33333333333333,0.0,100.0,100.0,100.0,74.5,Completed,False,False,0.0
P-1007,Medina Northern Tower Build Program,Telecom Client A,Medina,Sultan Al-Malki,Tower Deployment,16790000.0,13981000.0,2026-05-17,2027-09-15,2026-05-17,2027-09-15,19.4,19.4,0,2694000.0,13454000.0,False,486,2026-10-01,1,0,Low,527000.0,0.037694013303769404,0.0,0.19269007939346255,0.0,0,2.0,0,100.0,100.0,100.0,83.33333333333334,100.0,98.3,On Track,True,False,0.0
P-1008,Jeddah Corniche FTTH Fiber Rollout,Infrastructure Client A,Jeddah,Faisal Al-Qahtani,Fiber Deployment,6866000.0,5654000.0,2026-07-12,2027-03-12,2026-07-15,2027-03-15,24.8,25.9,3,1446000.0,5697000.0,False,243,2026-10-01,3,0,Medium,-43000.0,-0.007605235231694376,0.007605235231694376,0.255748142907676,1.0999999999999979,0,5.0,1,95.0,94.92984317887043,95.60000000000001,58.33333333333333,60.0,88.0,On Track,True,False,9.7
P-1009,Abha West Civil Works Package,Enterprise Client A,Abha,Omar Al-Ghamdi,Civil Works,13510000.0,11688000.0,2026-04-02,2027-06-01,2026-04-08,2027-07-30,25.6,39.3,59,3269000.0,12728000.0,False,425,2026-10-01,4,2,High,-1040000.0,-0.08898015058179329,0.08898015058179329,0.2796885694729637,13.699999999999996,1,12.0,6,1.6666666666666718,40.6798996121378,45.20000000000002,0.0,20.0,24.0,Critical,True,True,77.2
P-1010,Khobar South Tower Build Program,Telecom Client A,Khobar,Badr Al-Yami,Tower Deployment,2316000.0,1938000.0,2026-08-02,2026-11-01,2026-08-07,2026-12-07,32.7,73.1,36,625000.0,1885000.0,False,91,2026-10-01,5,3,High,53000.0,0.027347781217750257,0.0,0.32249742002063986,40.39999999999999,2,17.0,3,40.0,100.0,0.0,0.0,20.0,39.0,Critical,True,True,64.0
P-1011,Riyadh East Civil Works Package,Government Client A,Riyadh,Saud Al-Dosari,Civil Works,22711000.0,18861000.0,2025-11-15,2027-10-15,2025-11-16,2028-01-02,32.2,43.7,79,6043000.0,18704000.0,False,699,2026-10-01,7,1,High,157000.0,0.008324054928158634,0.0,0.3203965855468957,11.5,2,17.5,5,0.0,100.0,54.0,0.0,20.0,40.5,Critical,True,True,61.5
P-1012,Mecca Northern Infrastructure Program,Enterprise Client A,Mecca,Majid Al-Shehri,Infrastructure,20768000.0,16810000.0,2026-07-03,2027-11-01,2026-07-05,2028-01-18,1.5,9.0,78,245000.0,16259000.0,False,486,2026-10-01,18,3,High,551000.0,0.032778108268887565,0.0,0.014574657941701367,7.5,6,46.0,8,0.0,100.0,70.0,0.0,20.0,44.5,Critical,True,True,62.5
P-1013,Jeddah East Maintenance Contract,Telecom Client A,Jeddah,Hamad Al-Rashid,Maintenance,3983000.0,3435000.0,2025-10-28,2026-11-27,2025-11-02,2026-12-30,89.3,94.4,33,3113000.0,3502000.0,False,395,2026-10-01,3,2,High,-67000.0,-0.01950509461426492,0.01950509461426492,0.9062590975254731,5.1000000000000085,1,9.0,2,44.99999999999999,86.99660359049005,79.59999999999997,25.0,20.0,59.6,Critical,True,True,46.2
P-1014,Tabuk Central Enterprise Connectivity,Government Client A,Tabuk,Rakan Al-Anazi,Enterprise Connectivity,6760000.0,5896000.0,2026-07-23,2027-07-22,2026-07-24,2027-07-25,9.1,9.7,3,571000.0,5973000.0,False,364,2026-10-01,7,0,High,-77000.0,-0.013059701492537313,0.013059701492537313,0.09684531886024424,0.5999999999999996,2,13.5,0,95.0,91.29353233830845,97.6,0.0,20.0,77.7,At Risk,True,False,25.3
P-1015,Khobar North Core Network Upgrade,Telecom Client B,Khobar,Hamad Al-Rashid,Network Upgrade,26626000.0,23125000.0,2026-05-15,2027-11-13,2026-05-17,2027-11-12,16.1,16.1,-1,4306000.0,26112000.0,False,547,2026-10-01,1,0,High,-2987000.0,-0.12916756756756756,0.12916756756756756,0.1862054054054054,0.0,0,1.0,0,100.0,13.888288288288287,100.0,91.66666666666666,20.0,69.6,At Risk,True,False,35.0
P-1016,Dammam Corniche Civil Works Package,Telecom Client B,Dammam,Yousef Al-Subaie,Civil Works,14444000.0,12230000.0,2025-11-09,2027-05-10,2025-11-09,2027-05-23,61.8,64.2,13,8690000.0,13536000.0,False,547,2026-10-01,3,2,High,-1306000.0,-0.10678659035159443,0.10678659035159443,0.7105478331970564,2.4000000000000057,2,10.5,0,78.33333333333333,28.808939765603704,90.39999999999998,12.5,20.0,56.6,Critical,True,True,53.3
P-1017,Riyadh Corniche FTTH Fiber Rollout,Enterprise Client A,Riyadh,Omar Al-Ghamdi,Fiber Deployment,15991000.0,13215000.0,2025-12-20,2027-07-20,2025-12-23,2027-07-20,49.1,49.1,0,7028000.0,14422000.0,False,577,2026-10-01,1,0,Medium,-1207000.0,-0.09133560348089292,0.09133560348089292,0.531819901626939,0.0,0,0.5,0,100.0,39.109597679404715,100.0,95.83333333333334,60.0,80.4,On Track,True,False,24.0
P-1018,Mecca Industrial Infrastructure Program,Telecom Client A,Mecca,Turki Al-Zahrani,Infrastructure,7732000.0,6758000.0,2026-08-25,2027-01-24,2026-09-01,2027-02-07,8.5,14.9,14,568000.0,6556000.0,False,152,2026-10-01,1,2,High,202000.0,0.029890500147972773,0.0,0.08404853506954721,6.4,1,7.0,1,76.66666666666666,100.0,74.4,41.666666666666664,20.0,72.8,At Risk,True,True,30.7
P-1019,Mecca Central Tower Build Program,Telecom Client A,Mecca,Hamad Al-Rashid,Tower Deployment,11492000.0,9637000.0,2025-08-15,2026-12-14,2025-08-19,2026-12-15,93.6,93.8,1,10872000.0,11428000.0,False,486,2026-10-01,2,2,High,-1791000.0,-0.18584621770260454,0.18584621770260454,1.1281519144962124,0.20000000000000284,1,6.5,0,98.33333333333333,0.0,99.19999999999999,45.833333333333336,20.0,60.9,At Risk,True,False,40.9
P-1020,Abha Industrial FTTH Fiber Rollout,Infrastructure Client A,Abha,Abdullah Al-Mutairi,Fiber Deployment,5147000.0,4504000.0,2026-08-03,2026-12-02,2026-08-04,2027-01-22,9.7,48.1,51,495000.0,5051000.0,False,121,2026-10-01,6,1,High,-547000.0,-0.12144760213143872,0.12144760213143872,0.10990230905861456,38.400000000000006,0,9.0,5,15.000000000000002,19.034931912374187,0.0,25.0,20.0,13.8,Critical,True,True,85.0
P-1021,Jeddah East Civil Works Package,Telecom Client A,Jeddah,Khalid Al-Harbi,Civil Works,14642000.0,12228000.0,2025-11-22,2027-07-23,2025-11-24,2027-07-28,51.4,52.2,5,7135000.0,13776000.0,False,608,2026-10-01,3,0,High,-1548000.0,-0.12659470068694798,0.12659470068694798,0.5834968923781485,0.8000000000000043,1,5.5,0,91.66666666666666,15.603532875368009,96.79999999999998,54.16666666666667,20.0,63.0,At Risk,True,False,44.1
P-1022,Medina South Tower Build Program,Infrastructure Client A,Medina,Rakan Al-Anazi,Tower Deployment,29756000.0,25124000.0,2026-05-10,2028-02-07,2026-05-12,2028-02-10,12.6,13.0,3,3101000.0,24823000.0,False,638,2026-10-01,1,0,Low,301000.0,0.01198057634134692,0.0,0.12342779812131827,0.40000000000000036,0,1.0,0,95.0,100.0,98.4,91.66666666666666,100.0,97.3,On Track,True,False,2.4
P-1023,Jeddah West Infrastructure Program,Telecom Client B,Jeddah,Faisal Al-Qahtani,Infrastructure,8127000.0,7001000.0,2026-06-21,2026-11-20,2026-06-23,2027-01-31,26.7,74.7,72,1837000.0,6836000.0,False,152,2026-10-01,7,5,High,165000.0,0.02356806170547065,0.0,0.2623910869875732,48.0,4,29.0,4,0.0,100.0,0.0,0.0,20.0,27.0,Critical,True,True,75.0
P-1024,Medina West Infrastructure Program,Telecom Client B,Medina,Saud Al-Dosari,Infrastructure,26524000.0,22397000.0,2026-06-20,2028-05-19,2026-06-24,2028-06-11,4.3,5.9,23,949000.0,21681000.0,False,699,2026-10-01,1,2,High,716000.0,0.03196856721882395,0.0,0.04237174621601107,1.6000000000000005,1,6.0,1,61.66666666666667,100.0,93.6,50.0,20.0,73.9,At Risk,True,True,31.9
P-1025,Medina Corniche Enterprise Connectivity,Government Client A,Medina,Abdullah Al-Mutairi,Enterprise Connectivity,7674000.0,6318000.0,2025-11-02,2026-12-02,2025-11-08,2026-11-28,93.4,93.4,-4,6585000.0,7141000.0,False,395,2026-10-01,2,1,High,-823000.0,-0.1302627413738525,0.1302627413738525,1.0422602089268755,0.0,0,2.5,0,100.0,13.158172417431668,100.0,79.16666666666666,20.0,68.2,At Risk,True,False,35.0
P-1026,Khobar Central Maintenance Contract,Telecom Client A,Khobar,Ziad Al-Amri,Maintenance,4595000.0,3693000.0,2026-08-03,2027-04-03,2026-08-05,2027-06-13,0.4,14.8,71,16000.0,3608000.0,False,243,2026-10-01,8,5,High,85000.0,0.023016517736257784,0.0,0.004332520985648524,14.4,3,27.5,6,0.0,100.0,42.39999999999999,0.0,20.0,37.6,Critical,True,True,69.4
P-1027,Mecca South Maintenance Contract,Infrastructure Client A,Mecca,Abdullah Al-Mutairi,Maintenance,2997000.0,2612000.0,2026-05-09,2026-11-07,2026-05-16,2027-01-27,47.8,89.3,81,1324000.0,2668000.0,False,182,2026-10-01,7,1,High,-56000.0,-0.021439509954058193,0.021439509954058193,0.5068912710566615,41.5,4,24.0,4,0.0,85.7069933639612,0.0,0.0,20.0,23.4,Critical,True,True,79.5
P-1028,Riyadh North Civil Works Package,Government Client A,Riyadh,Hamad Al-Rashid,Civil Works,9364000.0,7771000.0,2026-04-14,2027-01-12,2026-04-21,2027-02-24,51.9,68.0,43,4770000.0,9270000.0,False,273,2026-10-01,2,3,High,-1499000.0,-0.1928966670956119,0.1928966670956119,0.6138206151074508,16.1,2,11.5,4,28.333333333333332,0.0,35.6,4.1666666666666625,20.0,19.8,Critical,True,True,89.8
P-1029,Abha North Enterprise Connectivity,Government Client A,Abha,Sultan Al-Malki,Enterprise Connectivity,10583000.0,8570000.0,2026-06-22,2027-05-22,2026-06-24,2027-07-14,9.6,21.9,53,933000.0,9638000.0,False,334,2026-10-01,10,6,High,-1068000.0,-0.12462077012835472,0.12462077012835472,0.10886814469078179,12.299999999999999,6,38.0,7,11.66666666666667,16.919486581096855,50.8,0.0,20.0,22.4,Critical,True,True,92.3
P-1030,Tabuk South Maintenance Contract,Telecom Client B,Tabuk,Nasser Al-Otaibi,Maintenance,1630000.0,1418000.0,2026-06-19,2026-12-18,2026-06-19,2027-01-10,47.4,60.6,23,735000.0,1509000.0,False,182,2026-10-01,1,1,Medium,-91000.0,-0.06417489421720733,0.06417489421720733,0.5183356840620592,13.200000000000003,0,1.5,1,61.66666666666667,57.21673718852844,47.19999999999999,87.5,60.0,59.4,Critical,True,True,46.9
P-1031,Tabuk Northern Tower Build Program,Enterprise Client A,Tabuk,Khalid Al-Harbi,Tower Deployment,35459000.0,28775000.0,2025-10-02,2027-10-01,2025-10-08,2027-11-24,42.1,49.9,54,12505000.0,28278000.0,False,729,2026-10-01,3,3,High,497000.0,0.01727193744569939,0.0,0.4345786272806255,7.799999999999997,2,14.5,5,9.999999999999998,100.0,68.80000000000001,0.0,20.0,47.2,Critical,True,True,57.8
P-1032,Khobar Industrial Core Network Upgrade,Enterprise Client A,Khobar,Badr Al-Yami,Network Upgrade,8255000.0,6684000.0,2026-04-30,2026-12-29,2026-05-02,2027-01-20,60.5,69.6,22,4052000.0,6627000.0,False,243,2026-10-01,3,2,High,57000.0,0.008527827648114902,0.0,0.6062238180730102,9.099999999999994,2,12.0,0,63.33333333333333,100.0,63.60000000000002,0.0,20.0,61.9,At Risk,True,True,43.8
